teryt;psl.r;pis.r;po.r;pgnw;psl.p;pis.p;po.p;srodek;icon.psl;icon.pis;icon.po;icon.pgnw;icon.pgnw2
0201;0.495;-0.291;-0.591;22.9;15.3;17.8;34.4;51.3623002 15.5803488;small_purple;measle_grey;measle_white;small_blue;measle_brown
0202;0.564;-0.201;-0.511;19.5;14.0;24.1;29.2;50.7717947 16.7233293;small_purple;measle_grey;measle_white;measle_turquoise;small_yellow
0203;0.162;-0.275;-0.152;23.2;15.6;32.0;27.2;51.6574339 16.096829;measle_brown;measle_grey;small_yellow;small_blue;measle_brown
0204;0.268;-0.0289;-0.225;29.6;39.6;16.8;21.4;51.663189 16.5125886;measle_turquoise;small_yellow;measle_grey;small_red;measle_turquoise
0205;0.356;-0.204;-0.269;22.1;39.8;21.6;13.7;51.0283765 16.1314917;measle_turquoise;measle_grey;measle_grey;small_purple;measle_brown
0206;0.114;-0.0663;-0.138;21.3;16.1;18.7;32.0;50.8665547 15.6823021;measle_brown;small_yellow;small_yellow;small_purple;measle_brown
0207;0.159;-0.534;-0.571;22.9;25.6;17.0;37.9;50.7915164 15.9921471;measle_brown;measle_white;measle_white;small_blue;measle_brown
0208;0.0595;-0.104;-0.333;22.1;21.8;19.2;35.7;50.4114042 16.5655666;measle_brown;small_yellow;measle_grey;small_purple;measle_brown
0209;-0.0566;0.0228;-0.118;24.2;33.4;20.6;19.8;51.2067684 16.1593249;small_yellow;measle_brown;small_yellow;small_blue;measle_brown
0210;0.205;-0.354;-0.491;23.7;22.3;19.3;24.8;51.0591161 15.2855624;measle_turquoise;measle_grey;measle_white;small_blue;measle_brown
0211;0.478;-0.0593;-0.125;20.6;12.9;26.2;13.8;51.4411622 16.2519212;small_purple;small_yellow;small_yellow;small_purple;measle_brown
0212;0.204;-0.363;-0.442;21.8;28.0;20.4;16.0;51.0283944 15.5136944;measle_turquoise;measle_grey;measle_white;small_purple;measle_brown
0213;0.661;-0.186;-0.300;21.6;21.9;15.3;32.2;51.541736 17.332622;small_purple;small_yellow;measle_grey;small_purple;measle_brown
0214;0.721;-0.407;-0.522;23.8;20.2;18.3;40.9;51.251709 17.530923;small_purple;measle_white;measle_white;small_blue;measle_brown
0215;0.584;-0.532;-0.561;21.7;17.9;31.5;35.5;51.0163482 17.3794513;small_purple;measle_white;measle_white;small_purple;measle_brown
0216;-0.106;-0.246;-0.242;24.0;23.7;25.5;15.7;51.5113955 16.2543274;small_yellow;measle_grey;measle_grey;small_blue;measle_brown
0217;-0.0952;-0.235;-0.426;20.5;36.1;22.6;28.6;50.8161834 17.0007158;small_yellow;measle_grey;measle_white;small_purple;measle_brown
0218;0.249;-0.417;-0.491;21.6;26.9;16.3;32.7;51.1369337 16.5713037;measle_turquoise;measle_white;measle_white;small_purple;measle_brown
0219;0.548;-0.569;-0.553;20.6;14.2;17.8;25.2;50.9003799 16.4280157;small_purple;measle_white;measle_white;small_purple;measle_brown
0220;0.369;-0.513;-0.474;20.5;29.9;20.4;34.2;51.4188443 16.9985632;measle_turquoise;measle_white;measle_white;small_purple;measle_brown
0221;0.449;0.00233;-0.275;20.4;13.3;14.5;50.6;50.7593258 16.219723;small_purple;measle_brown;measle_grey;small_purple;measle_brown
0222;0.694;-0.349;-0.662;22.1;16.6;17.3;47.7;51.3910837 16.6003543;small_purple;measle_grey;measle_white;small_purple;measle_brown
0223;0.561;-0.337;-0.427;18.5;18.1;23.6;37.2;51.1407764 16.9831788;small_purple;measle_grey;measle_white;measle_turquoise;small_yellow
0224;-0.250;-0.0223;-0.124;23.7;29.6;17.1;22.6;50.589523 16.8122514;measle_grey;small_yellow;small_yellow;small_blue;measle_brown
0225;0.494;-0.380;-0.312;24.6;17.8;20.0;23.2;51.2488827 15.1457788;small_purple;measle_grey;measle_grey;small_blue;measle_brown
0226;0.480;-0.297;-0.326;24.7;19.9;19.2;36.2;51.1557753 15.8337662;small_purple;measle_grey;measle_grey;small_blue;measle_brown
0261;0.177;-0.461;-0.466;12.3;7.94;21.8;39.2;50.9044171 15.7193616;measle_brown;measle_white;measle_white;measle_grey;measle_grey
0262;-0.0280;-0.246;-0.304;13.4;11.9;26.9;26.2;51.2070067 16.1553231;small_yellow;measle_grey;measle_grey;small_yellow;measle_grey
0264;0.564;-0.442;-0.473;7.01;6.68;26.7;34.3;51.1078852 17.0385376;small_purple;measle_white;measle_white;measle_white;measle_white
0265;0.613;-0.494;-0.636;15.6;6.33;15.3;58.1;50.7840092 16.2843553;small_purple;measle_white;measle_white;measle_brown;small_yellow
0401;0.437;-0.445;-0.631;27.8;35.1;19.9;22.4;52.8153832 18.7182522;small_purple;measle_white;measle_white;small_red;measle_turquoise
0402;0.225;-0.419;-0.532;19.6;44.7;30.0;15.5;53.2107481 19.5570294;measle_turquoise;measle_white;measle_white;measle_turquoise;small_yellow
0403;0.405;-0.170;-0.328;21.3;26.7;18.8;29.7;53.118252 18.0749923;small_purple;small_yellow;measle_grey;small_purple;measle_brown
0404;0.135;-0.431;-0.539;22.8;24.1;17.1;40.8;53.2951708 18.5054863;measle_brown;measle_white;measle_white;small_blue;measle_brown
0405;0.0399;-0.413;-0.360;23.1;29.2;25.9;17.4;53.1140073 19.0683907;measle_brown;measle_white;measle_grey;small_blue;measle_brown
0406;-0.127;-0.241;-0.216;23.3;36.8;15.4;24.8;53.4684288 18.7487561;small_yellow;measle_grey;measle_grey;small_blue;measle_brown
0407;0.114;-0.365;-0.366;22.5;37.9;20.0;22.9;52.7947626 18.2957325;measle_brown;measle_grey;measle_grey;small_blue;measle_brown
0408;0.103;0.0329;-0.0471;24.9;50.4;17.5;12.8;52.8135509 19.2657878;measle_brown;measle_brown;small_yellow;small_blue;measle_brown
0409;0.114;-0.126;-0.333;22.6;58.1;12.7;15.4;52.6295025 18.0818447;measle_brown;small_yellow;measle_grey;small_blue;measle_brown
0410;-0.142;-0.277;-0.251;22.8;40.6;20.9;19.0;53.0886873 17.5465361;small_yellow;measle_grey;measle_grey;small_blue;measle_brown
0411;0.0616;-0.0352;-0.183;28.7;44.3;16.8;13.6;52.5766303 18.5512416;measle_brown;small_yellow;small_yellow;small_red;measle_turquoise
0412;0.351;-0.407;-0.542;22.4;46.6;21.1;20.7;53.0517202 19.4397165;measle_turquoise;measle_white;measle_white;small_purple;measle_brown
0413;0.539;-0.351;-0.480;22.5;36.3;25.4;24.6;53.4496488 17.5130857;small_purple;measle_grey;measle_white;small_blue;measle_brown
0414;0.162;-0.324;-0.446;24.4;34.0;18.6;30.7;53.4958476 18.3687808;measle_brown;measle_grey;measle_white;small_blue;measle_brown
0415;0.295;-0.196;-0.164;20.7;15.0;18.9;53.1;53.0299205 18.6294138;measle_turquoise;small_yellow;small_yellow;small_purple;measle_brown
0416;-0.0964;-0.196;-0.315;20.5;41.3;14.9;34.6;53.5545868 17.9946402;small_yellow;small_yellow;measle_grey;small_purple;measle_brown
0417;0.398;0.147;-0.146;24.6;34.9;14.0;29.3;53.2897249 18.9517353;measle_turquoise;measle_brown;small_yellow;small_blue;measle_brown
0418;0.120;-0.124;-0.108;29.0;31.6;17.2;20.6;52.6578834 19.0676872;measle_brown;small_yellow;small_yellow;small_red;measle_turquoise
0419;0.109;-0.304;-0.463;23.4;37.7;14.1;20.1;52.7911685 17.7536285;measle_brown;measle_grey;measle_white;small_blue;measle_brown
0461;0.551;-0.371;-0.454;8.22;6.82;27.2;33.4;53.1234804 18.0084378;small_purple;measle_grey;measle_white;measle_white;measle_white
0462;0.295;-0.504;-0.565;13.7;11.0;20.1;51.0;53.4837486 18.753565;measle_turquoise;measle_white;measle_white;small_yellow;measle_grey
0463;0.348;-0.586;-0.610;8.69;5.11;21.0;60.4;53.0137902 18.5984437;measle_turquoise;measle_white;measle_white;measle_white;measle_white
0464;0.522;-0.611;-0.642;16.0;13.3;22.0;32.5;52.6483303 19.0677357;small_purple;measle_white;measle_white;measle_brown;small_yellow
0601;-0.160;-0.167;-0.0200;19.5;43.4;24.0;7.23;52.0331887 23.1298104;small_yellow;small_yellow;small_yellow;measle_turquoise;small_yellow
0602;0.0962;-0.123;-0.346;17.5;29.7;39.1;17.2;50.4805711 22.7841243;measle_brown;small_yellow;measle_grey;measle_turquoise;small_yellow
0603;-0.0857;-0.0241;-0.0900;21.4;35.7;19.4;32.6;51.1368642 23.4784508;small_yellow;small_yellow;small_yellow;small_purple;measle_brown
0604;0.125;-0.202;-0.217;20.4;41.0;37.0;7.50;50.7015585 23.8116511;measle_brown;measle_grey;measle_grey;small_purple;measle_brown
0605;-0.0126;-0.351;-0.136;15.9;34.1;46.8;4.93;50.7250326 22.4424755;small_yellow;measle_grey;small_yellow;measle_brown;small_yellow
0606;0.124;0.0528;-0.117;20.5;41.8;22.8;21.8;50.9509066 23.0514042;measle_brown;measle_brown;small_yellow;small_purple;measle_brown
0607;0.345;-0.452;-0.419;17.3;44.5;33.4;11.8;50.8707311 22.1526153;measle_turquoise;measle_white;measle_white;measle_brown;small_yellow
0608;0.241;-0.509;-0.484;21.2;44.0;30.2;9.43;51.4970599 22.5409476;measle_turquoise;measle_white;measle_white;small_purple;measle_brown
0609;-0.0871;-0.0964;-0.194;18.4;46.1;30.6;9.39;51.2474183 22.5734334;small_yellow;small_yellow;small_yellow;measle_turquoise;small_yellow
0610;0.485;-0.706;-0.521;20.0;26.1;29.2;31.2;51.3239456 22.954777;small_purple;measle_white;measle_white;small_purple;measle_brown
0611;0.454;-0.442;-0.630;19.8;43.3;29.7;13.8;51.8950983 22.1028722;small_purple;measle_white;measle_white;measle_turquoise;small_yellow
0612;0.0212;-0.328;-0.350;20.8;42.4;28.6;10.1;51.1669425 21.9855229;measle_brown;measle_grey;measle_grey;small_purple;measle_brown
0613;0.0514;-0.395;-0.0120;18.6;43.2;34.2;6.53;51.5741699 23.031205;measle_brown;measle_grey;small_yellow;measle_turquoise;small_yellow
0614;0.369;-0.497;-0.515;17.7;30.5;32.2;19.0;51.4174556 22.0546731;measle_turquoise;measle_white;measle_white;measle_turquoise;small_yellow
0615;-0.309;-0.144;-0.200;17.3;56.2;23.9;5.75;51.7483711 22.6145744;measle_grey;small_yellow;small_yellow;measle_brown;small_yellow
0616;-0.178;-0.105;-0.0320;18.3;57.6;19.1;9.75;51.6164904 21.9411996;small_yellow;small_yellow;small_yellow;measle_turquoise;small_yellow
0617;0.104;-0.260;-0.274;17.0;37.2;35.9;14.6;51.1491241 22.8386303;measle_brown;measle_grey;measle_grey;measle_brown;small_yellow
0618;0.245;-0.475;-0.430;21.8;40.8;32.0;11.9;50.4807956 23.6139646;measle_turquoise;measle_white;measle_white;small_purple;measle_brown
0619;0.326;-0.384;-0.384;21.7;35.9;24.0;20.9;51.4988572 23.39179;measle_turquoise;measle_grey;measle_grey;small_purple;measle_brown
0620;-0.0839;-0.0723;-0.138;19.8;44.2;30.9;9.15;50.7220225 23.2525495;small_yellow;small_yellow;small_yellow;measle_turquoise;small_yellow
0661;0.617;-0.469;-0.475;11.1;18.0;30.4;14.8;52.0387126 23.1445026;small_purple;measle_white;measle_white;measle_grey;measle_grey
0662;-0.397;-0.455;-0.422;10.4;21.0;22.4;39.7;51.1431232 23.4711986;measle_grey;measle_white;measle_white;measle_grey;measle_grey
0663;0.324;-0.322;-0.385;8.31;9.55;38.7;35.8;51.2464536 22.5684463;measle_turquoise;measle_grey;measle_grey;measle_white;measle_white
0664;-0.154;-0.448;-0.400;11.7;16.4;37.7;24.9;50.7230879 23.2519686;small_yellow;measle_white;measle_grey;measle_grey;measle_grey
0801;0.0964;-0.104;-0.310;22.8;29.9;16.3;26.0;52.7256985 15.2018639;measle_brown;small_yellow;measle_grey;small_blue;measle_brown
0802;0.111;-0.388;-0.360;22.3;32.3;8.51;16.2;52.0001091 15.0030846;measle_brown;measle_grey;measle_grey;small_purple;measle_brown
0803;0.616;-0.322;-0.410;25.0;29.9;18.9;16.1;52.4874029 15.595523;small_purple;measle_grey;measle_white;small_red;measle_turquoise
0804;0.649;-0.335;-0.372;19.7;23.1;14.3;20.5;51.7780803 15.6942659;small_purple;measle_grey;measle_grey;measle_turquoise;small_yellow
0805;0.437;-0.183;-0.577;24.3;25.8;13.5;18.5;52.3368449 14.7479227;small_purple;small_yellow;measle_white;small_blue;measle_brown
0806;-0.147;-0.215;-0.161;23.5;42.1;14.0;24.5;52.9102052 15.7119884;small_yellow;measle_grey;small_yellow;small_blue;measle_brown
0807;0.327;-0.345;-0.244;25.0;21.9;13.0;9.57;52.372399 15.1470452;measle_turquoise;measle_grey;measle_grey;small_red;measle_turquoise
0808;0.0281;-0.167;-0.255;19.2;28.5;16.4;20.1;52.2443924 15.4559135;measle_brown;small_yellow;measle_grey;measle_turquoise;small_yellow
0809;0.0352;-0.426;-0.481;24.7;28.9;13.3;31.5;51.9423914 15.5208194;measle_brown;measle_white;measle_white;small_blue;measle_brown
0810;0.0463;-0.165;-0.389;22.2;31.1;11.8;27.4;51.5689064 15.3245516;measle_brown;small_yellow;measle_grey;small_purple;measle_brown
0811;0.589;-0.352;-0.583;23.0;16.8;20.1;17.8;51.6950742 15.021849;small_purple;measle_grey;measle_white;small_blue;measle_brown
0812;0.123;-0.165;-0.368;21.7;28.6;24.7;23.2;51.825543 16.1333484;measle_brown;small_yellow;measle_grey;small_purple;measle_brown
0861;0.358;-0.390;-0.490;13.9;11.8;20.2;33.4;52.7325285 15.2369305;measle_turquoise;measle_grey;measle_white;small_yellow;measle_grey
0862;0.428;-0.473;-0.566;9.41;12.5;24.8;39.3;51.9356214 15.5061862;small_purple;measle_white;measle_white;measle_white;measle_white
1001;0.451;-0.522;-0.545;21.3;25.1;36.2;20.1;51.3657008 19.2352119;small_purple;measle_white;measle_white;small_purple;measle_brown
1002;0.453;-0.454;-0.562;23.4;38.0;21.7;22.9;52.257219 19.4090901;small_purple;measle_white;measle_white;small_blue;measle_brown
1003;0.389;-0.0923;-0.372;19.9;30.9;32.5;20.2;51.5468697 19.066394;measle_turquoise;small_yellow;measle_grey;measle_turquoise;small_yellow
1004;0.195;-0.213;-0.168;26.6;41.3;27.0;12.4;52.1205089 19.1748072;measle_brown;measle_grey;small_yellow;small_red;measle_turquoise
1005;-0.176;-0.302;-0.168;20.3;53.3;22.1;9.56;52.0953911 19.8347615;small_yellow;measle_grey;small_yellow;small_purple;measle_brown
1006;0.748;-0.238;-0.407;20.5;19.6;32.3;21.8;51.6705147 19.6225076;small_purple;measle_grey;measle_white;small_purple;measle_brown
1007;-0.0661;-0.149;-0.222;16.5;54.8;22.8;8.41;51.4037758 20.2645148;small_yellow;small_yellow;measle_grey;measle_brown;small_yellow
1008;0.416;-0.353;-0.286;17.5;23.0;28.6;28.6;51.6827392 19.2965652;small_purple;measle_grey;measle_grey;measle_turquoise;small_yellow
1009;-0.0114;-0.565;-0.583;26.6;35.6;34.0;11.4;51.1816467 19.0385025;small_yellow;measle_white;measle_white;small_red;measle_turquoise
1010;0.220;-0.254;-0.313;20.7;36.5;34.3;9.84;51.4035647 19.7111108;measle_turquoise;measle_grey;measle_grey;small_purple;measle_brown
1011;0.296;-0.145;-0.419;24.3;33.0;26.9;26.3;51.904933 18.8873051;measle_turquoise;small_yellow;measle_white;small_blue;measle_brown
1012;0.384;-0.385;-0.631;22.1;46.2;23.3;16.1;51.081206 19.6244855;measle_turquoise;measle_grey;measle_white;small_purple;measle_brown
1013;0.461;-0.340;-0.163;20.1;54.6;23.4;10.2;51.7339951 20.3801744;small_purple;measle_grey;small_yellow;small_purple;measle_brown
1014;0.407;-0.421;-0.604;24.5;36.7;27.1;18.1;51.6402292 18.6359815;small_purple;measle_white;measle_white;small_blue;measle_brown
1015;-0.00643;-0.343;-0.221;22.6;53.3;22.3;10.5;51.9607088 20.1602619;small_yellow;measle_grey;measle_grey;small_blue;measle_brown
1016;0.399;-0.496;-0.495;18.4;38.8;28.9;14.0;51.6219819 20.0241626;measle_turquoise;measle_white;measle_white;measle_turquoise;small_yellow
1017;0.0751;-0.236;-0.354;22.7;51.1;19.7;12.3;51.2402915 18.6869713;measle_brown;measle_grey;measle_grey;small_blue;measle_brown
1018;0.362;0.121;-0.533;23.5;40.7;16.9;20.8;51.3165967 18.2184073;measle_turquoise;measle_brown;measle_white;small_blue;measle_brown
1019;0.242;-0.439;-0.534;19.1;37.1;26.6;23.9;51.654763 18.9438163;measle_turquoise;measle_white;measle_white;measle_turquoise;small_yellow
1020;0.306;-0.262;-0.492;17.2;25.7;24.7;27.6;51.9025569 19.4219463;measle_turquoise;measle_grey;measle_white;measle_brown;small_yellow
1021;-0.146;0.0861;0.0821;21.5;46.4;26.8;15.1;51.8403972 19.7813314;small_yellow;measle_brown;measle_brown;small_purple;measle_brown
1061;0.344;-0.315;-0.377;8.12;7.07;27.4;45.0;51.7592485 19.4559833;measle_turquoise;measle_grey;measle_grey;measle_white;measle_white
1062;0.384;-0.655;-0.622;14.3;20.1;27.8;30.4;51.4051721 19.7030244;measle_turquoise;measle_white;measle_white;small_yellow;measle_grey
1063;0.304;-0.00288;-0.217;14.3;23.6;25.5;28.8;51.9547169 20.1583303;measle_turquoise;small_yellow;measle_grey;small_yellow;measle_grey
1201;0.344;-0.362;-0.348;21.1;28.1;37.9;20.2;49.899654 20.4481946;measle_turquoise;measle_grey;measle_grey;small_purple;measle_brown
1202;0.389;-0.241;-0.396;20.2;27.7;46.5;15.1;49.9670967 20.6621498;measle_turquoise;measle_grey;measle_grey;small_purple;measle_brown
1203;0.420;-0.199;-0.317;18.5;15.8;28.0;32.9;50.0967994 19.4651009;small_purple;small_yellow;measle_grey;measle_turquoise;small_yellow
1204;-0.196;0.0553;-0.158;19.8;25.3;36.0;28.4;50.232478 20.9656068;small_yellow;measle_brown;small_yellow;measle_turquoise;small_yellow
1205;0.351;-0.288;-0.386;20.4;24.4;43.0;18.9;49.6015013 21.1285391;measle_turquoise;measle_grey;measle_grey;small_purple;measle_brown
1206;0.195;-0.188;-0.366;20.1;26.3;34.0;25.8;50.044045 20.0059112;measle_brown;small_yellow;measle_grey;small_purple;measle_brown
1207;0.0923;-0.290;-0.143;19.3;33.5;44.8;11.3;49.6747667 20.2788928;measle_brown;measle_grey;small_yellow;measle_turquoise;small_yellow
1208;0.172;-0.245;-0.228;18.3;49.3;33.9;6.22;50.4018897 20.0437979;measle_brown;measle_grey;measle_grey;measle_turquoise;small_yellow
1209;0.212;-0.175;-0.451;19.4;19.2;47.5;19.2;49.8112602 19.9949386;measle_turquoise;small_yellow;measle_white;measle_turquoise;small_yellow
1210;0.205;-0.299;-0.145;20.6;26.0;43.7;19.0;49.6084971 20.6960387;measle_turquoise;measle_grey;small_yellow;small_purple;measle_brown
1211;0.277;-0.178;-0.237;20.5;20.5;47.6;18.3;49.4706746 19.9993836;measle_turquoise;small_yellow;measle_grey;small_purple;measle_brown
1212;0.00660;-0.208;-0.232;17.0;31.3;24.7;27.9;50.3108759 19.5872964;measle_brown;measle_grey;measle_grey;measle_brown;small_yellow
1213;0.229;-0.0324;-0.238;18.4;25.3;27.7;29.3;50.0025789 19.2699881;measle_turquoise;small_yellow;measle_grey;measle_turquoise;small_yellow
1214;0.224;-0.0834;-0.383;19.1;43.7;17.6;29.2;50.2018348 20.3184688;measle_turquoise;small_yellow;measle_grey;measle_turquoise;small_yellow
1215;-0.117;0.129;0.0837;23.2;33.3;32.0;21.9;49.7009444 19.6586221;small_yellow;measle_brown;measle_brown;small_blue;measle_brown
1216;-0.00429;-0.144;-0.0481;21.2;25.1;46.1;18.4;50.0366554 20.9777456;small_yellow;small_yellow;small_yellow;small_purple;measle_brown
1217;0.333;-0.114;-0.287;17.4;14.6;43.6;27.6;49.3011534 20.0014575;measle_turquoise;small_yellow;measle_grey;measle_brown;small_yellow
1218;0.162;-0.189;-0.327;19.7;23.1;33.6;26.9;49.8915953 19.5413958;measle_brown;small_yellow;measle_grey;measle_turquoise;small_yellow
1219;0.563;-0.283;-0.294;16.6;23.9;35.4;29.4;49.9412446 20.2203878;small_purple;measle_grey;measle_grey;measle_brown;small_yellow
1261;0.269;-0.141;-0.387;8.54;8.55;31.7;41.0;50.0646501 19.9449799;measle_turquoise;small_yellow;measle_grey;measle_white;measle_white
1262;0.721;-0.453;-0.530;9.54;14.7;39.5;30.6;49.6174535 20.7153326;small_purple;measle_white;measle_white;measle_white;measle_white
1263;0.422;-0.544;-0.535;10.3;10.4;36.9;36.0;50.0121011 20.9858407;small_purple;measle_white;measle_white;measle_grey;measle_grey
1401;0.233;0.0258;-0.277;24.4;44.4;23.4;10.5;51.6240912 20.9786982;measle_turquoise;measle_brown;measle_grey;small_blue;measle_brown
1402;0.460;-0.521;-0.684;21.6;48.4;25.2;9.32;52.8568747 20.5532;small_purple;measle_white;measle_white;small_purple;measle_brown
1403;0.373;-0.236;-0.389;19.4;34.0;43.4;9.49;51.8394562 21.7058361;measle_turquoise;measle_grey;measle_grey;measle_turquoise;small_yellow
1404;0.329;-0.258;-0.288;21.3;64.1;19.4;5.39;52.4352712 19.4024277;measle_turquoise;measle_grey;measle_grey;small_purple;measle_brown
1405;0.414;-0.474;-0.401;15.5;26.8;24.9;27.1;52.0796591 20.5429688;small_purple;measle_white;measle_white;measle_brown;small_yellow
1406;0.0245;-0.0912;0.0325;23.1;52.2;21.8;10.2;51.8226058 20.8597574;measle_brown;small_yellow;measle_brown;small_blue;measle_brown
1407;0.650;-0.323;-0.671;23.7;28.6;26.5;16.1;51.6329647 21.3990659;small_purple;measle_grey;measle_white;small_blue;measle_brown
1408;0.673;-0.133;-0.263;16.1;17.3;26.2;33.1;52.4320224 20.9228345;small_purple;small_yellow;measle_grey;measle_brown;small_yellow
1409;0.422;-0.489;-0.430;22.5;51.6;24.9;6.91;51.1606164 21.5681301;small_purple;measle_white;measle_white;small_blue;measle_brown
1410;-0.539;0.0758;-0.0210;17.0;62.7;21.8;6.04;52.2287911 22.8868723;measle_white;measle_brown;small_yellow;measle_brown;small_yellow
1411;-0.124;0.0248;-0.164;23.1;53.2;22.2;6.61;52.9226319 21.1729039;small_yellow;measle_brown;small_yellow;small_blue;measle_brown
1412;0.588;-0.387;-0.598;20.9;24.6;35.6;21.6;52.1932636 21.7152483;small_purple;measle_grey;measle_white;small_purple;measle_brown
1413;0.425;-0.381;-0.526;26.1;56.4;19.1;6.88;53.0587382 20.4275093;small_purple;measle_grey;measle_white;small_red;measle_turquoise
1414;0.0266;-0.143;-0.188;23.7;37.3;22.3;12.4;52.4769443 20.6780861;measle_brown;small_yellow;small_yellow;small_blue;measle_brown
1415;0.0812;-0.216;-0.245;26.8;44.6;28.7;9.46;53.0836961 21.573285;measle_brown;measle_grey;measle_grey;small_red;measle_turquoise
1416;-0.206;-0.255;-0.270;22.3;36.4;37.3;9.56;52.7570729 22.0412064;measle_grey;measle_grey;measle_grey;small_purple;measle_brown
1417;0.452;-0.130;-0.390;14.5;28.5;32.3;18.1;52.085743 21.3466091;small_purple;small_yellow;measle_grey;small_yellow;measle_grey
1418;0.638;-0.0498;-0.581;16.9;24.9;24.9;28.8;51.990602 21.0267424;small_purple;small_yellow;measle_white;measle_brown;small_yellow
1419;0.283;-0.245;-0.378;21.7;68.2;16.4;4.47;52.5292906 19.694493;measle_turquoise;measle_grey;measle_grey;small_purple;measle_brown
1420;0.240;0.0403;-0.264;24.6;60.6;18.1;7.97;52.5714161 20.4021708;measle_turquoise;measle_brown;measle_grey;small_blue;measle_brown
1421;0.634;-0.0500;-0.336;13.1;16.4;29.7;29.2;52.1627843 20.8153846;small_purple;small_yellow;measle_grey;small_yellow;measle_grey
1422;0.571;-0.320;-0.443;21.9;62.1;21.5;4.85;53.1483961 20.924927;small_purple;measle_grey;measle_white;small_purple;measle_brown
1423;0.0807;-0.497;-0.468;21.3;35.4;42.8;8.10;51.4158462 20.6795448;measle_brown;measle_white;measle_white;small_purple;measle_brown
1424;0.269;-0.478;-0.350;23.9;57.6;24.9;4.86;52.6883985 20.9854178;measle_turquoise;measle_white;measle_grey;small_blue;measle_brown
1425;-0.000871-0.0886;-0.0948;20.8;39.1;28.9;12.3;51.4025081 21.1632039;small_yellow;small_yellow;small_purple;small_red;small_purple
1426;0.0349;-0.0787;-0.0431;21.2;50.0;30.5;6.65;52.1682859 22.2705817;measle_brown;small_yellow;small_yellow;small_purple;measle_brown
1427;0.339;-0.486;-0.442;21.8;69.7;14.1;4.68;52.829901 19.6929043;measle_turquoise;measle_white;measle_white;small_purple;measle_brown
1428;0.341;-0.506;-0.516;18.1;55.8;22.7;6.84;52.208836 20.1940725;measle_turquoise;measle_white;measle_white;measle_turquoise;small_yellow
1429;0.0987;-0.235;-0.220;17.8;46.3;29.7;7.92;52.5300078 22.2816587;measle_brown;measle_grey;measle_grey;measle_turquoise;small_yellow
1430;0.649;-0.520;-0.630;23.9;33.0;33.7;12.8;51.2324627 20.842185;small_purple;measle_white;measle_white;small_blue;measle_brown
1432;0.319;-0.220;-0.361;17.7;17.1;27.4;29.5;52.2738835 20.6938283;measle_turquoise;measle_grey;measle_grey;measle_turquoise;small_yellow
1433;0.284;-0.516;-0.507;22.4;29.9;35.3;22.0;52.4242674 21.9063231;measle_turquoise;measle_white;measle_white;small_purple;measle_brown
1434;0.785;-0.447;-0.656;18.4;22.2;37.2;16.9;52.3635504 21.2897822;small_purple;measle_white;measle_white;measle_turquoise;small_yellow
1435;0.215;-0.318;-0.461;22.3;50.9;25.5;7.88;52.5960483 21.4782492;measle_turquoise;measle_grey;measle_white;small_purple;measle_brown
1436;-0.00621;-0.237;-0.408;21.0;55.9;21.0;9.23;51.3354069 21.5724503;small_yellow;measle_grey;measle_white;small_purple;measle_brown
1437;0.194;-0.532;-0.384;27.7;64.7;13.0;4.37;53.0672753 19.8704421;measle_brown;measle_white;measle_grey;small_red;measle_turquoise
1438;0.522;-0.553;-0.538;23.8;36.8;26.2;15.6;52.0129718 20.4227517;small_purple;measle_white;measle_white;small_blue;measle_brown
1461;0.502;-0.487;-0.625;12.8;24.8;32.7;24.9;53.0876544 21.5592554;small_purple;measle_white;measle_white;small_yellow;measle_grey
1462;0.326;-0.582;-0.587;13.1;37.0;26.7;19.6;52.5463446 19.7065364;measle_turquoise;measle_white;measle_white;small_yellow;measle_grey
1463;0.445;-0.296;-0.288;9.25;12.9;35.7;30.8;51.4027236 21.1471333;small_purple;measle_grey;measle_grey;measle_white;measle_white
1464;-0.132;-0.242;-0.268;9.67;16.7;34.9;24.4;52.1676031 22.2901645;small_yellow;measle_grey;measle_grey;measle_white;measle_white
1465;0.784;-0.461;-0.723;6.17;4.57;27.3;41.2;52.2296756 21.0122287;small_purple;measle_white;measle_white;measle_white;measle_white
1601;0.532;-0.443;-0.523;19.0;22.2;28.1;21.5;50.8245005 17.5095994;small_purple;measle_white;measle_white;measle_turquoise;small_yellow
1602;0.441;-0.250;-0.415;22.0;31.1;25.2;23.6;50.1746942 17.8417937;small_purple;measle_grey;measle_white;small_purple;measle_brown
1603;-0.0452;-0.186;-0.210;19.6;18.6;12.1;27.7;50.292428 18.1705709;small_yellow;small_yellow;measle_grey;measle_turquoise;small_yellow
1604;0.269;-0.317;-0.429;18.7;32.2;14.2;29.2;50.9857086 18.1251781;measle_turquoise;measle_grey;measle_white;measle_turquoise;small_yellow
1605;0.178;0.139;0.0180;22.1;13.1;7.69;14.3;50.4776737 17.9467122;measle_brown;measle_brown;measle_brown;small_purple;measle_brown
1606;0.132;-0.263;-0.424;20.5;33.3;16.1;25.2;51.0408166 17.7773502;measle_brown;measle_grey;measle_white;small_purple;measle_brown
1607;0.114;-0.392;-0.439;20.0;40.3;18.0;18.5;50.4653195 17.3424977;measle_brown;measle_grey;measle_white;small_purple;measle_brown
1608;0.183;-0.0969;-0.247;19.8;15.0;10.8;18.7;50.9294087 18.4731613;measle_brown;small_yellow;measle_grey;measle_turquoise;small_yellow
1609;0.266;-0.145;-0.108;21.9;15.2;11.0;22.7;50.6627543 17.9265186;measle_turquoise;small_yellow;small_yellow;small_purple;measle_brown
1610;0.100;-0.243;-0.235;18.7;17.6;19.0;21.0;50.3886209 17.6997453;measle_brown;measle_grey;measle_grey;measle_turquoise;small_yellow
1611;0.176;-0.157;-0.193;18.9;20.5;7.83;17.0;50.5236695 18.3258162;measle_brown;small_yellow;small_yellow;measle_turquoise;small_yellow
1661;0.0468;-0.549;-0.576;9.52;11.2;19.5;38.0;50.6751067 17.9212976;measle_brown;measle_white;measle_white;measle_white;measle_white
1801;0.00317;-0.108;-0.311;25.5;23.7;32.5;24.3;49.3098139 22.6000231;measle_brown;small_yellow;measle_grey;small_red;measle_turquoise
1802;0.167;-0.375;-0.208;17.7;40.8;40.1;7.05;49.6905132 21.9880699;measle_brown;measle_grey;measle_grey;measle_turquoise;small_yellow
1803;0.237;-0.403;-0.505;18.8;25.2;46.7;8.12;49.9953359 21.3075494;measle_turquoise;measle_white;measle_white;measle_turquoise;small_yellow
1804;0.260;-0.392;-0.429;18.6;32.5;41.7;8.85;49.9657776 22.7535729;measle_turquoise;measle_grey;measle_white;measle_turquoise;small_yellow
1805;0.333;-0.399;-0.426;16.4;27.6;48.7;11.9;49.706141 21.4728496;measle_turquoise;measle_grey;measle_white;measle_brown;small_yellow
1806;0.249;-0.337;-0.226;17.5;27.3;56.2;4.48;50.323594 21.8378567;measle_turquoise;measle_grey;measle_grey;measle_turquoise;small_yellow
1807;-0.0169;-0.369;-0.225;19.0;37.0;34.5;13.7;49.7051244 21.7519259;small_yellow;measle_grey;measle_grey;measle_turquoise;small_yellow
1808;0.482;-0.513;0.0384;14.3;15.9;54.8;19.1;50.2819824 22.4790327;small_purple;measle_white;measle_brown;small_yellow;measle_grey
1809;0.0869;-0.102;-0.305;17.8;53.4;24.6;11.0;50.260564 23.2122604;measle_brown;small_yellow;measle_grey;measle_turquoise;small_yellow
1810;0.0991;-0.268;-0.369;15.1;25.0;45.3;14.9;50.15712 22.2392796;measle_brown;measle_grey;measle_grey;measle_brown;small_yellow
1811;0.255;-0.369;-0.418;16.1;38.3;42.8;8.64;50.316502 21.4302478;measle_turquoise;measle_grey;measle_white;measle_brown;small_yellow
1812;0.525;-0.0776;-0.185;17.7;15.7;48.6;9.86;50.4776809 22.3713567;small_purple;small_yellow;small_yellow;measle_turquoise;small_yellow
1813;0.215;-0.360;-0.245;21.8;21.9;38.6;21.6;49.7771435 22.7785702;measle_turquoise;measle_grey;measle_grey;small_purple;measle_brown
1814;0.301;-0.219;0.116;18.9;43.5;40.2;5.37;50.0742865 22.5411805;measle_turquoise;measle_grey;measle_brown;measle_turquoise;small_yellow
1815;0.0524;-0.304;-0.156;18.0;24.3;52.5;8.37;50.0999177 21.6564133;measle_brown;measle_grey;small_yellow;measle_turquoise;small_yellow
1816;0.348;-0.112;-0.116;16.4;21.4;51.4;11.7;50.0197452 22.0083082;measle_turquoise;small_yellow;small_yellow;measle_brown;small_yellow
1817;0.556;-0.438;-0.339;18.6;21.8;42.0;18.6;49.497926 22.0947319;small_purple;measle_white;measle_grey;measle_turquoise;small_yellow
1818;0.521;-0.404;-0.415;16.2;22.5;44.4;14.9;50.6225178 22.0833907;small_purple;measle_white;measle_white;measle_brown;small_yellow
1819;-0.167;-0.0826;-0.185;18.0;23.1;47.9;6.44;49.9062558 21.7658112;small_yellow;small_yellow;small_yellow;measle_turquoise;small_yellow
1820;-0.236;-0.103;0.0464;19.1;42.2;32.1;14.7;50.5798603 21.6925451;measle_grey;small_yellow;measle_brown;measle_turquoise;small_yellow
1821;0.198;-0.718;-0.591;22.5;22.6;43.7;14.2;49.356082 22.3738961;measle_brown;measle_white;measle_white;small_blue;measle_brown
1861;-0.0277;0.188;0.0614;9.55;17.3;39.0;28.7;49.6824761 21.7660531;small_yellow;measle_brown;measle_brown;measle_white;measle_white
1862;0.334;-0.531;-0.557;12.5;15.6;35.0;26.6;49.7838623 22.7677908;measle_turquoise;measle_white;measle_white;small_yellow;measle_grey
1863;0.338;-0.339;-0.395;8.93;10.9;39.2;28.5;50.0411867 21.9991196;measle_turquoise;measle_grey;measle_grey;measle_white;measle_white
1864;0.352;-0.291;-0.350;11.9;29.8;24.3;25.6;50.5729079 21.6790698;measle_turquoise;measle_grey;measle_grey;measle_grey;measle_grey
2001;0.363;-0.496;-0.544;19.5;47.5;24.7;15.1;53.842919 23.2073355;measle_turquoise;measle_white;measle_white;measle_turquoise;small_yellow
2002;0.435;-0.372;-0.344;18.8;22.1;34.5;24.8;53.1466813 23.1468403;small_purple;measle_grey;measle_grey;measle_turquoise;small_yellow
2003;0.284;-0.422;-0.203;17.8;37.0;35.6;10.3;52.762826 23.1381261;measle_turquoise;measle_white;measle_grey;measle_turquoise;small_yellow
2004;0.243;-0.401;-0.275;20.8;47.0;35.3;9.38;53.5826026 22.4521603;measle_turquoise;measle_white;measle_grey;small_purple;measle_brown
2005;-0.267;0.0223;0.109;17.2;51.8;7.59;12.1;52.7104134 23.6072363;measle_grey;measle_brown;measle_brown;measle_brown;small_yellow
2006;0.197;-0.204;-0.319;20.8;49.8;26.6;10.1;53.3980909 21.9991336;measle_brown;measle_grey;measle_grey;small_purple;measle_brown
2007;0.0279;-0.201;-0.188;21.4;36.8;41.1;9.61;53.1734141 22.047289;measle_brown;measle_grey;small_yellow;small_purple;measle_brown
2008;0.267;-0.115;-0.534;18.5;48.5;21.8;20.8;53.3777392 22.7938813;measle_turquoise;small_yellow;measle_white;measle_turquoise;small_yellow
2009;-0.00245;0.0226;-0.164;16.3;16.4;8.94;67.7;54.0502486 23.3185391;small_yellow;measle_brown;small_yellow;measle_brown;small_yellow
2010;0.0847;-0.420;-0.205;18.8;33.8;25.9;24.8;52.4826091 22.9640433;measle_brown;measle_white;measle_grey;measle_turquoise;small_yellow
2011;0.265;-0.287;-0.372;16.9;58.3;24.2;6.73;53.4804542 23.4091577;measle_turquoise;measle_grey;measle_grey;measle_brown;small_yellow
2012;-0.146;-0.0589;-0.239;21.9;42.9;26.4;11.9;54.0962169 22.9216482;small_yellow;small_yellow;measle_grey;small_purple;measle_brown
2013;0.00762;-0.254;-0.377;17.2;31.4;40.8;19.4;52.8379228 22.5450705;measle_brown;measle_grey;measle_grey;measle_brown;small_yellow
2014;-0.507;-0.214;-0.0856;16.8;41.3;33.7;11.8;53.0024585 22.2851817;measle_white;measle_grey;small_yellow;measle_brown;small_yellow
2061;0.530;-0.483;-0.473;6.79;5.54;39.7;35.2;53.1324886 23.1688403;small_purple;measle_white;measle_white;measle_white;measle_white
2062;0.245;-0.569;-0.414;9.05;17.4;43.5;20.9;53.1781197 22.0590321;measle_turquoise;measle_white;measle_white;measle_white;measle_white
2063;0.275;-0.650;-0.620;11.9;22.1;32.7;21.7;54.1115218 22.9307881;measle_turquoise;measle_white;measle_white;measle_grey;measle_grey
2201;0.189;0.0741;-0.367;23.4;26.7;21.7;34.6;54.1454767 17.3525512;measle_brown;measle_brown;measle_grey;small_blue;measle_brown
2202;0.465;-0.230;-0.530;24.1;18.8;23.4;42.8;53.7745398 17.7291612;small_purple;measle_grey;measle_white;small_blue;measle_brown
2203;0.531;-0.440;-0.497;29.5;29.0;15.7;37.1;53.7680573 17.1749252;small_purple;measle_white;measle_white;small_red;measle_turquoise
2204;0.770;-0.211;-0.505;19.9;13.1;20.2;49.9;54.183493 18.5707092;small_purple;measle_grey;measle_white;measle_turquoise;small_yellow
2205;0.203;0.0582;-0.368;21.2;36.0;25.3;27.5;54.3451554 18.1175348;measle_turquoise;measle_brown;measle_grey;small_purple;measle_brown
2206;0.158;-0.102;-0.237;21.3;18.7;28.1;38.6;53.999309 18.0203276;measle_brown;small_yellow;measle_grey;small_purple;measle_brown
2207;0.600;-0.555;-0.610;24.0;27.3;18.7;31.0;53.7069237 19.0069878;small_purple;measle_white;measle_white;small_blue;measle_brown
2208;0.653;-0.469;-0.624;25.4;17.9;16.8;34.9;54.688957 17.6445007;small_purple;measle_white;measle_white;small_red;measle_turquoise
2209;0.0391;-0.0917;-0.326;23.0;23.8;16.3;30.0;54.0860433 19.033672;measle_brown;small_yellow;measle_grey;small_blue;measle_brown
2210;-0.0287;0.0666;-0.261;22.7;41.6;13.5;23.5;54.2838325 19.070453;small_yellow;measle_brown;measle_grey;small_blue;measle_brown
2211;0.513;-0.292;-0.417;21.7;26.9;22.3;33.9;54.7744489 18.2737787;small_purple;measle_grey;measle_white;small_purple;measle_brown
2212;0.286;-0.117;-0.280;26.8;37.5;16.4;25.6;54.464148 17.0284824;measle_turquoise;small_yellow;measle_grey;small_red;measle_turquoise
2213;0.419;-0.514;-0.517;24.3;27.8;23.8;27.2;53.8589184 18.3428483;small_purple;measle_white;measle_white;small_blue;measle_brown
2214;0.417;-0.547;-0.585;22.3;22.6;18.7;40.3;53.8792936 18.7785139;small_purple;measle_white;measle_white;small_purple;measle_brown
2215;0.520;-0.353;-0.638;21.3;16.8;27.9;38.7;54.6303285 18.0306344;small_purple;measle_grey;measle_white;small_purple;measle_brown
2216;-0.0830;-0.430;-0.319;30.4;45.4;12.9;18.6;53.8977272 19.2164378;small_yellow;measle_white;measle_grey;small_red;small_purple
2261;0.459;-0.375;-0.522;7.63;6.88;27.5;48.1;54.3520252 18.6466384;small_purple;measle_grey;measle_white;measle_white;measle_white
2262;0.690;-0.298;-0.488;9.84;12.1;22.1;47.3;54.5188898 18.5305409;small_purple;measle_grey;measle_white;measle_white;measle_white
2263;0.487;-0.335;-0.348;14.5;13.6;26.6;37.3;54.464148 17.0284824;small_purple;measle_grey;measle_grey;small_yellow;measle_grey
2264;0.459;-0.584;-0.612;8.45;6.07;23.0;55.4;54.441581 18.5600956;small_purple;measle_white;measle_white;measle_white;measle_white
2401;0.262;-0.101;-0.226;19.4;15.1;18.1;24.0;50.4140948 19.1132834;measle_turquoise;small_yellow;measle_grey;measle_turquoise;small_yellow
2402;0.247;-0.0988;-0.185;17.2;21.8;29.5;22.8;49.9080843 19.076211;measle_turquoise;small_yellow;small_yellow;measle_brown;small_yellow
2403;0.461;-0.0103;-0.114;19.0;15.3;26.6;33.0;49.7374201 18.8311872;small_purple;small_yellow;small_yellow;measle_turquoise;small_yellow
2404;0.133;-0.302;-0.248;20.9;34.6;21.3;11.2;50.798905 19.1267894;measle_brown;measle_grey;measle_grey;small_purple;measle_brown
2405;-0.0460;-0.197;-0.224;22.6;21.4;17.4;25.7;50.2874115 18.6576037;small_yellow;small_yellow;measle_grey;small_blue;measle_brown
2406;-0.0309;-0.296;-0.203;24.3;40.2;20.0;10.6;50.9492568 18.8752116;small_yellow;measle_grey;measle_grey;small_blue;measle_brown
2407;0.538;-0.160;-0.110;25.7;21.8;27.7;22.9;50.6981811 18.8295757;small_purple;small_yellow;small_yellow;small_red;measle_turquoise
2408;0.326;-0.272;-0.398;16.9;8.42;28.6;32.0;50.1656588 18.8118364;measle_turquoise;measle_grey;measle_grey;measle_brown;small_yellow
2409;0.509;-0.149;-0.418;20.5;26.0;27.1;16.2;50.6199111 19.2916264;small_purple;small_yellow;measle_white;small_purple;measle_brown
2410;0.174;-0.327;-0.281;19.8;13.2;32.3;22.6;50.0082731 18.861219;measle_brown;measle_grey;measle_grey;measle_turquoise;small_yellow
2411;0.398;-0.380;-0.211;17.8;10.7;18.9;43.2;50.1203652 18.1814454;measle_turquoise;measle_grey;measle_grey;measle_turquoise;small_yellow
2412;0.485;-0.239;-0.336;22.3;13.0;28.3;24.7;50.1150463 18.5396599;small_purple;measle_grey;measle_grey;small_purple;measle_brown
2413;0.209;-0.365;-0.470;16.9;22.8;20.3;21.9;50.4625163 18.8263957;measle_turquoise;measle_grey;measle_white;measle_brown;small_yellow
2414;0.241;-0.386;-0.255;18.8;11.0;37.5;15.8;50.1078748 19.1532754;measle_turquoise;measle_grey;measle_grey;measle_turquoise;small_yellow
2415;-0.0428;-0.188;-0.302;17.5;17.4;28.0;21.0;49.9884454 18.4693242;small_yellow;small_yellow;measle_grey;measle_turquoise;small_yellow
2416;0.0363;-0.0809;-0.287;16.1;28.6;18.0;27.8;50.4834474 19.5827637;measle_brown;small_yellow;measle_grey;measle_brown;small_yellow
2417;0.207;-0.0819;-0.360;24.1;21.7;34.8;19.1;49.6089747 19.2130256;measle_turquoise;small_yellow;measle_grey;small_blue;measle_brown
2461;-0.0892;-0.457;-0.481;9.47;8.21;30.7;30.2;49.8223768 19.0583845;small_yellow;measle_white;measle_white;measle_white;measle_white
2462;0.489;-0.352;-0.437;13.4;14.0;19.4;29.2;50.3483816 18.9157175;small_purple;measle_grey;measle_white;small_yellow;measle_grey
2463;0.478;-0.354;-0.352;12.4;7.36;16.6;31.3;50.2974884 18.9545728;small_purple;measle_grey;measle_grey;measle_grey;measle_grey
2464;0.457;-0.297;-0.272;9.32;9.05;29.5;23.0;50.8118195 19.1203094;small_purple;measle_grey;measle_grey;measle_white;measle_white
2465;0.540;-0.178;-0.243;12.0;8.08;20.6;22.8;50.3216897 19.1949126;small_purple;small_yellow;measle_grey;measle_grey;measle_grey
2466;0.456;-0.298;-0.480;10.8;7.52;21.2;36.2;50.2944923 18.6713802;small_purple;measle_grey;measle_white;measle_grey;measle_grey
2467;-0.376;0.00922;-0.129;12.0;9.25;31.6;23.8;49.9454207 18.6101103;measle_grey;measle_brown;small_yellow;measle_grey;measle_grey
2468;0.395;-0.280;-0.409;14.1;12.3;28.7;30.4;50.204987 19.2739314;measle_turquoise;measle_grey;measle_white;small_yellow;measle_grey
2469;0.345;-0.171;-0.336;9.11;7.01;22.5;31.5;50.2648919 19.0237815;measle_turquoise;small_yellow;measle_grey;measle_white;measle_white
2470;-0.0422;-0.252;-0.471;13.0;10.7;21.7;23.4;50.2080466 19.1660513;small_yellow;measle_grey;measle_white;small_yellow;measle_grey
2471;0.190;-0.321;-0.427;14.7;11.9;21.4;32.5;50.3789108 18.9270475;measle_brown;measle_grey;measle_white;small_yellow;measle_grey
2472;0.854;-0.539;-0.579;13.1;10.3;22.1;28.0;50.2558286 18.8555704;small_purple;measle_white;measle_white;small_yellow;measle_grey
2473;0.403;-0.171;-0.546;11.7;9.66;33.7;27.1;50.1021742 18.5462847;small_purple;small_yellow;measle_white;measle_grey;measle_grey
2474;0.451;-0.322;-0.361;10.7;7.81;18.0;31.4;50.3264314 19.0295714;small_purple;measle_grey;measle_grey;measle_grey;measle_grey
2475;0.536;-0.461;-0.488;9.91;7.77;20.7;25.9;50.2862638 19.1040791;small_purple;measle_white;measle_white;measle_white;measle_white
2476;0.731;-0.799;-0.809;16.9;10.0;19.4;28.3;50.2964328 18.9171297;small_purple;measle_white;measle_white;measle_brown;small_yellow
2477;0.377;-0.271;-0.323;9.79;6.21;26.5;37.2;50.1218007 19.0200022;measle_turquoise;measle_grey;measle_grey;measle_white;measle_white
2478;0.574;-0.317;-0.392;13.5;12.1;18.1;39.9;50.3249278 18.7857186;small_purple;measle_grey;measle_grey;small_yellow;measle_grey
2479;0.495;-0.160;-0.417;15.3;8.34;40.4;24.1;50.0447236 18.7006401;small_purple;small_yellow;measle_white;measle_brown;small_yellow
2601;-0.0116;-0.0698;-0.219;15.1;74.1;11.7;6.65;50.4263927 20.8517485;small_yellow;small_yellow;measle_grey;measle_brown;small_yellow
2602;0.128;-0.176;-0.156;19.1;63.1;20.4;7.07;50.65754 20.3008653;measle_brown;small_yellow;small_yellow;measle_turquoise;small_yellow
2603;-0.598;0.00277;0.473;16.9;72.3;14.9;4.99;50.2940577 20.519199;measle_white;measle_brown;small_purple;measle_brown;small_yellow
2604;0.267;-0.342;-0.287;19.3;51.1;24.1;9.91;50.8402094 20.6058867;measle_turquoise;measle_grey;measle_grey;measle_turquoise;small_yellow
2605;0.432;-0.284;-0.317;19.2;36.1;36.0;11.6;51.1305948 20.3261702;small_purple;measle_grey;measle_grey;measle_turquoise;small_yellow
2606;0.219;-0.175;-0.373;19.4;66.6;15.8;8.91;50.7596348 21.3816143;measle_turquoise;small_yellow;measle_grey;measle_turquoise;small_yellow
2607;0.381;-0.486;-0.492;19.4;39.7;23.8;17.9;50.9465911 21.4297744;measle_turquoise;measle_white;measle_white;measle_turquoise;small_yellow
2608;0.158;-0.375;-0.379;17.4;57.5;17.5;14.3;50.4907423 20.5044784;measle_brown;measle_grey;measle_grey;measle_brown;small_yellow
2609;0.245;-0.284;-0.242;20.2;55.1;21.6;12.4;50.639222 21.5549114;measle_turquoise;measle_grey;measle_grey;small_purple;measle_brown
2610;0.539;-0.364;-0.523;17.6;28.5;26.1;29.7;51.0687982 20.7823845;small_purple;measle_grey;measle_white;measle_turquoise;small_yellow
2611;0.366;-0.459;-0.592;19.7;32.2;30.6;17.9;51.0517693 21.1067058;measle_turquoise;measle_white;measle_white;measle_turquoise;small_yellow
2612;-0.152;-0.113;-0.209;18.3;55.0;27.8;7.61;50.5333986 21.2017972;small_yellow;small_yellow;measle_grey;measle_turquoise;small_yellow
2613;-0.144;-0.252;-0.232;17.8;67.5;21.0;3.06;50.845232 19.979099;small_yellow;measle_grey;measle_grey;measle_turquoise;small_yellow
2661;0.496;-0.582;-0.552;9.16;23.0;33.4;20.1;50.8660773 20.6285677;small_purple;measle_white;measle_white;measle_white;measle_white
2801;0.322;-0.475;-0.551;24.8;23.0;29.9;30.3;54.2601481 20.7964826;measle_turquoise;measle_white;measle_white;small_blue;measle_brown
2802;0.208;-0.342;-0.470;21.1;49.9;15.3;17.9;54.3159867 19.9612973;measle_turquoise;measle_grey;measle_white;small_purple;measle_brown
2803;-0.178;0.0520;-0.313;26.6;52.0;20.2;15.1;53.3050749 20.050474;small_yellow;measle_brown;measle_grey;small_red;measle_turquoise
2804;0.170;-0.0947;-0.232;24.6;34.2;17.5;31.6;54.01609 19.5895991;measle_brown;small_yellow;measle_grey;small_blue;measle_brown
2805;0.409;-0.625;-0.658;25.1;27.9;27.4;22.6;53.7888026 22.3323582;small_purple;measle_white;measle_white;small_red;measle_turquoise
2806;0.501;-0.475;-0.541;25.2;37.9;14.6;26.8;53.9662624 21.8876805;small_purple;measle_white;measle_white;small_red;measle_turquoise
2807;0.410;-0.285;-0.488;22.2;49.4;14.7;19.0;53.6522976 19.6031833;small_purple;measle_grey;measle_white;small_purple;measle_brown
2808;0.384;-0.539;-0.549;24.2;42.9;13.5;25.0;54.1661097 21.3114621;measle_turquoise;measle_white;measle_white;small_blue;measle_brown
2809;0.293;-0.290;-0.420;22.5;22.9;14.2;48.1;54.146188 20.4128114;measle_turquoise;measle_grey;measle_white;small_blue;measle_brown
2810;0.289;-0.504;-0.446;21.0;45.6;16.5;26.6;53.8019109 21.3077251;measle_turquoise;measle_white;measle_white;small_purple;measle_brown
2811;0.449;-0.658;-0.644;26.9;39.1;26.6;19.6;53.3178578 20.4868715;small_purple;measle_white;measle_white;small_red;measle_turquoise
2812;0.207;-0.108;-0.313;22.7;64.5;16.3;12.9;53.4165569 19.5339357;measle_turquoise;small_yellow;measle_grey;small_blue;measle_brown
2813;0.252;-0.717;-0.171;18.1;52.8;16.5;17.0;54.0488907 22.4074038;measle_turquoise;measle_white;small_yellow;measle_turquoise;small_yellow
2814;-0.0540;-0.209;-0.264;22.4;44.7;14.6;21.9;53.783365 20.4735725;small_yellow;measle_grey;measle_grey;small_purple;measle_brown
2815;0.324;-0.191;-0.210;22.3;47.7;11.2;24.7;53.7688249 19.9764104;measle_turquoise;small_yellow;measle_grey;small_purple;measle_brown
2816;0.0231;-0.529;-0.342;20.8;60.5;15.7;12.7;53.7330566 21.9134304;measle_brown;measle_white;measle_grey;small_purple;measle_brown
2817;0.287;-0.216;-0.461;21.9;54.4;17.5;16.7;53.5604093 20.8938937;measle_turquoise;measle_grey;measle_white;small_purple;measle_brown
2818;0.441;-0.540;-0.779;21.3;23.3;9.12;55.0;54.2564043 22.2855339;small_purple;measle_white;measle_white;small_purple;measle_brown
2819;0.376;-0.0404;-0.428;19.3;34.1;11.6;30.2;54.1729496 21.7636445;measle_turquoise;small_yellow;measle_white;measle_turquoise;small_yellow
2861;0.448;-0.392;-0.482;14.0;15.9;28.6;33.9;54.1560613 19.4044897;small_purple;measle_grey;measle_white;small_yellow;measle_grey
2862;0.152;-0.385;-0.398;12.3;21.5;22.1;34.5;53.778422 20.4801193;measle_brown;measle_grey;measle_grey;measle_grey;measle_grey
3001;0.0823;-0.0971;-0.0810;27.8;43.8;12.0;21.1;53.0000554 16.9526472;measle_brown;small_yellow;small_yellow;small_red;measle_turquoise
3002;0.454;-0.480;-0.0288;28.6;24.5;28.1;23.3;52.9079232 16.3653689;small_purple;measle_white;small_yellow;small_red;measle_turquoise
3003;0.453;-0.397;-0.451;25.4;20.0;28.6;18.7;52.5014671 17.6288321;small_purple;measle_grey;measle_white;small_red;measle_turquoise
3004;0.114;-0.335;-0.343;32.2;31.9;16.9;24.7;51.8503709 17.0131817;measle_brown;measle_grey;measle_grey;small_red;small_purple
3005;0.321;-0.365;-0.439;30.3;31.8;23.7;25.7;52.210718 16.332533;measle_turquoise;measle_grey;measle_white;small_red;small_purple
3006;0.180;-0.0715;-0.370;23.8;48.8;11.7;11.6;51.9558633 17.4699972;measle_brown;small_yellow;measle_grey;small_blue;measle_brown
3007;0.0633;-0.0187;-0.00159;23.7;49.0;19.0;11.1;51.7432179 18.0652645;measle_brown;small_yellow;small_yellow;small_blue;measle_brown
3008;0.231;-0.489;-0.461;28.3;50.8;16.1;16.3;51.2755627 17.9321449;measle_turquoise;measle_white;measle_white;small_red;measle_turquoise
3009;0.145;-0.0729;-0.287;23.1;57.7;19.6;7.46;52.2795474 18.7485613;measle_brown;small_yellow;measle_grey;small_blue;measle_brown
3010;0.396;-0.349;-0.468;32.0;31.7;22.4;18.1;52.2167513 18.2532296;measle_turquoise;measle_grey;measle_white;small_red;small_purple
3011;0.315;-0.283;-0.372;29.5;24.6;19.8;23.1;52.0622096 16.7580375;measle_turquoise;measle_grey;measle_grey;small_red;measle_turquoise
3012;-0.153;-0.284;-0.198;23.3;66.7;12.3;8.84;51.6999106 17.4343646;small_yellow;measle_grey;small_yellow;small_blue;measle_brown
3013;0.235;-0.225;-0.304;30.9;27.4;15.0;25.3;51.8389547 16.5720769;measle_turquoise;measle_grey;measle_grey;small_red;small_purple
3014;0.253;-0.235;-0.0814;27.2;24.4;13.7;34.6;52.6004652 16.0491591;measle_turquoise;measle_grey;small_yellow;small_red;measle_turquoise
3015;0.153;-0.338;-0.373;25.5;38.4;13.5;22.8;52.3247356 16.1432292;measle_brown;measle_grey;measle_grey;small_red;measle_turquoise
3016;0.330;-0.288;-0.458;25.9;32.6;13.4;23.5;52.7398346 16.9207647;measle_turquoise;measle_grey;measle_white;small_red;measle_turquoise
3017;0.499;-0.345;-0.380;23.5;28.9;20.7;26.5;51.6452962 17.7880123;small_purple;measle_grey;measle_grey;small_blue;measle_brown
3018;0.0789;-0.349;-0.399;23.2;58.4;15.2;9.68;51.4509461 17.9191483;measle_brown;measle_grey;measle_grey;small_blue;measle_brown
3019;0.617;-0.154;-0.524;24.7;23.1;19.7;26.8;53.1620617 17.055811;small_purple;small_yellow;measle_white;small_blue;measle_brown
3020;0.681;-0.267;-0.693;24.6;33.5;20.7;31.7;51.9008344 17.8263031;small_purple;measle_grey;measle_white;small_blue;measle_brown
3021;0.394;-0.297;-0.541;23.6;17.0;18.2;33.1;52.4071021 16.9412479;measle_turquoise;measle_grey;measle_white;small_blue;measle_brown
3022;0.510;-0.482;-0.530;27.3;34.8;16.3;17.1;51.6584444 16.9890188;small_purple;measle_white;measle_white;small_red;measle_turquoise
3023;0.499;-0.570;-0.660;30.5;37.2;21.3;14.5;52.2368221 17.9179392;small_purple;measle_white;measle_white;small_red;small_purple
3024;0.397;-0.0253;-0.123;28.7;21.5;14.2;34.4;52.6306916 16.4583259;measle_turquoise;small_yellow;small_yellow;small_red;measle_turquoise
3025;0.461;-0.312;-0.325;27.4;29.0;19.0;17.8;52.1512246 17.334844;small_purple;measle_grey;measle_grey;small_red;measle_turquoise
3026;0.503;-0.541;-0.640;26.7;31.0;17.3;25.3;52.0096542 17.113896;small_purple;measle_white;measle_white;small_red;measle_turquoise
3027;0.0941;-0.224;-0.278;24.0;41.4;26.4;10.7;51.9638571 18.5288506;measle_brown;measle_grey;measle_grey;small_blue;measle_brown
3028;0.431;-0.159;-0.527;24.3;24.8;12.1;23.1;52.7845797 17.2145897;small_purple;small_yellow;measle_white;small_blue;measle_brown
3029;0.426;-0.274;-0.477;26.8;36.9;13.9;27.4;52.0666964 16.117593;small_purple;measle_grey;measle_white;small_red;measle_turquoise
3030;0.482;-0.245;-0.509;24.0;24.1;18.8;27.7;52.1944562 17.6256124;small_purple;measle_grey;measle_white;small_blue;measle_brown
3031;0.246;-0.309;-0.458;28.7;31.8;15.3;32.0;53.4418876 16.9652247;measle_turquoise;measle_grey;measle_white;small_red;measle_turquoise
3061;0.460;-0.539;-0.526;14.6;19.4;24.2;28.0;51.7672799 18.0853462;small_purple;measle_white;measle_white;small_yellow;measle_grey
3062;0.407;-0.294;-0.312;14.1;9.63;23.4;27.7;52.2230334 18.2510729;small_purple;measle_grey;measle_grey;small_yellow;measle_grey
3063;-0.00591;-0.0642;-0.210;14.3;9.32;18.0;24.5;51.8419861 16.5937545;small_yellow;small_yellow;measle_grey;small_yellow;measle_grey
3064;0.379;-0.353;-0.538;9.98;6.69;23.8;34.0;52.406374 16.9251681;measle_turquoise;measle_grey;measle_white;measle_white;measle_white
3201;0.470;-0.177;-0.120;21.5;20.5;17.9;35.9;53.9938442 16.0579779;small_purple;small_yellow;small_yellow;small_purple;measle_brown
3202;0.374;-0.236;-0.572;24.2;31.0;12.7;29.4;53.1388994 15.6496799;measle_turquoise;measle_grey;measle_white;small_blue;measle_brown
3203;0.413;-0.256;-0.314;26.4;26.3;18.7;30.6;53.4667222 15.8425874;small_purple;measle_grey;measle_grey;small_red;measle_turquoise
3204;0.427;-0.308;-0.465;24.7;34.3;15.1;29.5;53.5954578 14.8616314;small_purple;measle_grey;measle_white;small_blue;measle_brown
3205;0.200;-0.448;-0.397;21.0;50.0;9.31;20.5;53.9445019 15.2568565;measle_turquoise;measle_white;measle_grey;small_purple;measle_brown
3206;0.468;-0.558;-0.340;26.5;20.2;28.0;28.8;52.9356926 14.5010217;small_purple;measle_white;measle_grey;small_red;measle_turquoise
3207;0.304;-0.366;-0.399;22.9;33.0;14.6;27.6;53.9245263 14.7149859;measle_turquoise;measle_grey;measle_grey;small_blue;measle_brown
3208;0.331;-0.464;-0.465;21.1;22.3;18.6;33.6;54.0776374 15.60201;measle_turquoise;measle_white;measle_white;small_purple;measle_brown
3209;0.329;-0.495;-0.402;26.0;32.8;14.6;30.2;54.1917007 16.2465436;measle_turquoise;measle_white;measle_white;small_red;measle_turquoise
3210;0.655;-0.400;-0.638;23.9;26.2;18.9;32.1;52.857044 14.7780054;small_purple;measle_grey;measle_white;small_blue;measle_brown
3211;0.424;-0.123;-0.375;17.3;10.1;21.8;31.4;53.6073945 14.4111139;small_purple;small_yellow;measle_grey;measle_brown;small_yellow
3212;-0.0950;0.173;-0.246;26.2;33.6;18.6;18.5;53.1032411 14.9137558;small_yellow;measle_brown;measle_grey;small_red;measle_turquoise
3213;0.387;-0.207;-0.361;25.5;27.7;13.9;23.2;54.3880866 16.6089643;measle_turquoise;measle_grey;measle_grey;small_red;measle_turquoise
3214;0.378;-0.463;-0.625;22.9;25.2;19.9;27.0;53.3675297 15.257525;measle_turquoise;measle_white;measle_white;small_blue;measle_brown
3215;0.687;-0.359;-0.583;23.1;22.7;19.0;37.8;53.7263402 16.5362134;small_purple;measle_grey;measle_white;small_blue;measle_brown
3216;0.615;-0.453;-0.449;27.9;33.1;17.1;26.7;53.7796961 15.8285645;small_purple;measle_white;measle_white;small_red;measle_turquoise
3217;0.178;-0.437;-0.481;26.0;28.6;12.9;37.2;53.2355426 16.234465;measle_brown;measle_white;measle_white;small_red;measle_turquoise
3218;0.689;-0.426;-0.336;29.0;38.9;19.5;26.0;53.6478187 15.4845879;small_purple;measle_white;measle_grey;small_red;measle_turquoise
3261;0.299;-0.450;-0.570;11.6;11.9;17.4;39.5;54.1943219 16.1714908;measle_turquoise;measle_white;measle_white;measle_grey;measle_grey
3262;0.457;-0.310;-0.463;8.82;7.52;24.6;33.6;53.4285438 14.5528116;small_purple;measle_grey;measle_white;measle_white;measle_white
3263;0.449;0.0414;-0.265;11.7;8.54;19.5;26.1;53.9100327 14.2475775;small_purple;measle_brown;measle_grey;measle_grey;measle_grey
